<account actionclassmap="Graph" auxtimeout="750" defaultactionclass="massim.competition2013.GraphSimulationAgentAction" maxpacketlength="65536" password="1" team="A" timeout="2750" username="a1" />
<account actionclassmap="Graph" auxtimeout="750" defaultactionclass="massim.competition2013.GraphSimulationAgentAction" maxpacketlength="65536" password="1" team="A" timeout="2750" username="a2" />
<account actionclassmap="Graph" auxtimeout="750" defaultactionclass="massim.competition2013.GraphSimulationAgentAction" maxpacketlength="65536" password="1" team="A" timeout="2750" username="a3" />
<account actionclassmap="Graph" auxtimeout="750" defaultactionclass="massim.competition2013.GraphSimulationAgentAction" maxpacketlength="65536" password="1" team="A" timeout="2750" username="a4" />
<account actionclassmap="Graph" auxtimeout="750" defaultactionclass="massim.competition2013.GraphSimulationAgentAction" maxpacketlength="65536" password="1" team="A" timeout="2750" username="a5" />
<account actionclassmap="Graph" auxtimeout="750" defaultactionclass="massim.competition2013.GraphSimulationAgentAction" maxpacketlength="65536" password="1" team="A" timeout="2750" username="a6" />
<account actionclassmap="Graph" auxtimeout="750" defaultactionclass="massim.competition2013.GraphSimulationAgentAction" maxpacketlength="65536" password="1" team="A" timeout="2750" username="a7" />
<account actionclassmap="Graph" auxtimeout="750" defaultactionclass="massim.competition2013.GraphSimulationAgentAction" maxpacketlength="65536" password="1" team="A" timeout="2750" username="a8" />
<account actionclassmap="Graph" auxtimeout="750" defaultactionclass="massim.competition2013.GraphSimulationAgentAction" maxpacketlength="65536" password="1" team="A" timeout="2750" username="a9" />
<account actionclassmap="Graph" auxtimeout="750" defaultactionclass="massim.competition2013.GraphSimulationAgentAction" maxpacketlength="65536" password="1" team="A" timeout="2750" username="a10" />
<account actionclassmap="Graph" auxtimeout="750" defaultactionclass="massim.competition2013.GraphSimulationAgentAction" maxpacketlength="65536" password="1" team="A" timeout="2750" username="a11" />
<account actionclassmap="Graph" auxtimeout="750" defaultactionclass="massim.competition2013.GraphSimulationAgentAction" maxpacketlength="65536" password="1" team="A" timeout="2750" username="a12" />
<account actionclassmap="Graph" auxtimeout="750" defaultactionclass="massim.competition2013.GraphSimulationAgentAction" maxpacketlength="65536" password="1" team="A" timeout="2750" username="a13" />
<account actionclassmap="Graph" auxtimeout="750" defaultactionclass="massim.competition2013.GraphSimulationAgentAction" maxpacketlength="65536" password="1" team="A" timeout="2750" username="a14" />
<account actionclassmap="Graph" auxtimeout="750" defaultactionclass="massim.competition2013.GraphSimulationAgentAction" maxpacketlength="65536" password="1" team="A" timeout="2750" username="a15" />
<account actionclassmap="Graph" auxtimeout="750" defaultactionclass="massim.competition2013.GraphSimulationAgentAction" maxpacketlength="65536" password="1" team="A" timeout="2750" username="a16" />
<account actionclassmap="Graph" auxtimeout="750" defaultactionclass="massim.competition2013.GraphSimulationAgentAction" maxpacketlength="65536" password="1" team="A" timeout="2750" username="a17" />
<account actionclassmap="Graph" auxtimeout="750" defaultactionclass="massim.competition2013.GraphSimulationAgentAction" maxpacketlength="65536" password="1" team="A" timeout="2750" username="a18" />
<account actionclassmap="Graph" auxtimeout="750" defaultactionclass="massim.competition2013.GraphSimulationAgentAction" maxpacketlength="65536" password="1" team="A" timeout="2750" username="a19" />
<account actionclassmap="Graph" auxtimeout="750" defaultactionclass="massim.competition2013.GraphSimulationAgentAction" maxpacketlength="65536" password="1" team="A" timeout="2750" username="a20" />
<account actionclassmap="Graph" auxtimeout="750" defaultactionclass="massim.competition2013.GraphSimulationAgentAction" maxpacketlength="65536" password="1" team="A" timeout="2750" username="a21" />
<account actionclassmap="Graph" auxtimeout="750" defaultactionclass="massim.competition2013.GraphSimulationAgentAction" maxpacketlength="65536" password="1" team="A" timeout="2750" username="a22" />
<account actionclassmap="Graph" auxtimeout="750" defaultactionclass="massim.competition2013.GraphSimulationAgentAction" maxpacketlength="65536" password="1" team="A" timeout="2750" username="a23" />
<account actionclassmap="Graph" auxtimeout="750" defaultactionclass="massim.competition2013.GraphSimulationAgentAction" maxpacketlength="65536" password="1" team="A" timeout="2750" username="a24" />
<account actionclassmap="Graph" auxtimeout="750" defaultactionclass="massim.competition2013.GraphSimulationAgentAction" maxpacketlength="65536" password="1" team="A" timeout="2750" username="a25" />
<account actionclassmap="Graph" auxtimeout="750" defaultactionclass="massim.competition2013.GraphSimulationAgentAction" maxpacketlength="65536" password="1" team="A" timeout="2750" username="a26" />
<account actionclassmap="Graph" auxtimeout="750" defaultactionclass="massim.competition2013.GraphSimulationAgentAction" maxpacketlength="65536" password="1" team="A" timeout="2750" username="a27" />
<account actionclassmap="Graph" auxtimeout="750" defaultactionclass="massim.competition2013.GraphSimulationAgentAction" maxpacketlength="65536" password="1" team="A" timeout="2750" username="a28" />