<account actionclassmap="Graph" auxtimeout="750" defaultactionclass="massim.competition2013.GraphSimulationAgentAction" maxpacketlength="65536" password="1" team="A" timeout="2750" username="a1" />
<account actionclassmap="Graph" auxtimeout="750" defaultactionclass="massim.competition2013.GraphSimulationAgentAction" maxpacketlength="65536" password="1" team="A" timeout="2750" username="a2" />
<account actionclassmap="Graph" auxtimeout="750" defaultactionclass="massim.competition2013.GraphSimulationAgentAction" maxpacketlength="65536" password="1" team="A" timeout="2750" username="a3" />
<account actionclassmap="Graph" auxtimeout="750" defaultactionclass="massim.competition2013.GraphSimulationAgentAction" maxpacketlength="65536" password="1" team="A" timeout="2750" username="a4" />
<account actionclassmap="Graph" auxtimeout="750" defaultactionclass="massim.competition2013.GraphSimulationAgentAction" maxpacketlength="65536" password="1" team="A" timeout="2750" username="a5" />
<account actionclassmap="Graph" auxtimeout="750" defaultactionclass="massim.competition2013.GraphSimulationAgentAction" maxpacketlength="65536" password="1" team="A" timeout="2750" username="a6" />
<account actionclassmap="Graph" auxtimeout="750" defaultactionclass="massim.competition2013.GraphSimulationAgentAction" maxpacketlength="65536" password="1" team="A" timeout="2750" username="a7" />
<account actionclassmap="Graph" auxtimeout="750" defaultactionclass="massim.competition2013.GraphSimulationAgentAction" maxpacketlength="65536" password="1" team="A" timeout="2750" username="a8" />
<account actionclassmap="Graph" auxtimeout="750" defaultactionclass="massim.competition2013.GraphSimulationAgentAction" maxpacketlength="65536" password="1" team="A" timeout="2750" username="a9" />
<account actionclassmap="Graph" auxtimeout="750" defaultactionclass="massim.competition2013.GraphSimulationAgentAction" maxpacketlength="65536" password="1" team="A" timeout="2750" username="a10" />
<account actionclassmap="Graph" auxtimeout="750" defaultactionclass="massim.competition2013.GraphSimulationAgentAction" maxpacketlength="65536" password="1" team="A" timeout="2750" username="a11" />
<account actionclassmap="Graph" auxtimeout="750" defaultactionclass="massim.competition2013.GraphSimulationAgentAction" maxpacketlength="65536" password="1" team="A" timeout="2750" username="a12" />
<account actionclassmap="Graph" auxtimeout="750" defaultactionclass="massim.competition2013.GraphSimulationAgentAction" maxpacketlength="65536" password="1" team="A" timeout="2750" username="a13" />
<account actionclassmap="Graph" auxtimeout="750" defaultactionclass="massim.competition2013.GraphSimulationAgentAction" maxpacketlength="65536" password="1" team="A" timeout="2750" username="a14" />
<account actionclassmap="Graph" auxtimeout="750" defaultactionclass="massim.competition2013.GraphSimulationAgentAction" maxpacketlength="65536" password="1" team="A" timeout="2750" username="a15" />
<account actionclassmap="Graph" auxtimeout="750" defaultactionclass="massim.competition2013.GraphSimulationAgentAction" maxpacketlength="65536" password="1" team="A" timeout="2750" username="a16" />
<account actionclassmap="Graph" auxtimeout="750" defaultactionclass="massim.competition2013.GraphSimulationAgentAction" maxpacketlength="65536" password="1" team="A" timeout="2750" username="a17" />
<account actionclassmap="Graph" auxtimeout="750" defaultactionclass="massim.competition2013.GraphSimulationAgentAction" maxpacketlength="65536" password="1" team="A" timeout="2750" username="a18" />
<account actionclassmap="Graph" auxtimeout="750" defaultactionclass="massim.competition2013.GraphSimulationAgentAction" maxpacketlength="65536" password="1" team="A" timeout="2750" username="a19" />
<account actionclassmap="Graph" auxtimeout="750" defaultactionclass="massim.competition2013.GraphSimulationAgentAction" maxpacketlength="65536" password="1" team="A" timeout="2750" username="a20" />
<account actionclassmap="Graph" auxtimeout="750" defaultactionclass="massim.competition2013.GraphSimulationAgentAction" maxpacketlength="65536" password="1" team="A" timeout="2750" username="a21" />
<account actionclassmap="Graph" auxtimeout="750" defaultactionclass="massim.competition2013.GraphSimulationAgentAction" maxpacketlength="65536" password="1" team="A" timeout="2750" username="a22" />
<account actionclassmap="Graph" auxtimeout="750" defaultactionclass="massim.competition2013.GraphSimulationAgentAction" maxpacketlength="65536" password="1" team="A" timeout="2750" username="a23" />
<account actionclassmap="Graph" auxtimeout="750" defaultactionclass="massim.competition2013.GraphSimulationAgentAction" maxpacketlength="65536" password="1" team="A" timeout="2750" username="a24" />
<account actionclassmap="Graph" auxtimeout="750" defaultactionclass="massim.competition2013.GraphSimulationAgentAction" maxpacketlength="65536" password="1" team="A" timeout="2750" username="a25" />
<account actionclassmap="Graph" auxtimeout="750" defaultactionclass="massim.competition2013.GraphSimulationAgentAction" maxpacketlength="65536" password="1" team="A" timeout="2750" username="a26" />
<account actionclassmap="Graph" auxtimeout="750" defaultactionclass="massim.competition2013.GraphSimulationAgentAction" maxpacketlength="65536" password="1" team="A" timeout="2750" username="a27" />
<account actionclassmap="Graph" auxtimeout="750" defaultactionclass="massim.competition2013.GraphSimulationAgentAction" maxpacketlength="65536" password="1" team="A" timeout="2750" username="a28" />

<account actionclassmap="Graph" auxtimeout="750" defaultactionclass="massim.competition2013.GraphSimulationAgentAction" maxpacketlength="65536" password="1" team="B" timeout="2750" username="b1" />
<account actionclassmap="Graph" auxtimeout="750" defaultactionclass="massim.competition2013.GraphSimulationAgentAction" maxpacketlength="65536" password="1" team="B" timeout="2750" username="b2" />
<account actionclassmap="Graph" auxtimeout="750" defaultactionclass="massim.competition2013.GraphSimulationAgentAction" maxpacketlength="65536" password="1" team="B" timeout="2750" username="b3" />
<account actionclassmap="Graph" auxtimeout="750" defaultactionclass="massim.competition2013.GraphSimulationAgentAction" maxpacketlength="65536" password="1" team="B" timeout="2750" username="b4" />
<account actionclassmap="Graph" auxtimeout="750" defaultactionclass="massim.competition2013.GraphSimulationAgentAction" maxpacketlength="65536" password="1" team="B" timeout="2750" username="b5" />
<account actionclassmap="Graph" auxtimeout="750" defaultactionclass="massim.competition2013.GraphSimulationAgentAction" maxpacketlength="65536" password="1" team="B" timeout="2750" username="b6" />
<account actionclassmap="Graph" auxtimeout="750" defaultactionclass="massim.competition2013.GraphSimulationAgentAction" maxpacketlength="65536" password="1" team="B" timeout="2750" username="b7" />
<account actionclassmap="Graph" auxtimeout="750" defaultactionclass="massim.competition2013.GraphSimulationAgentAction" maxpacketlength="65536" password="1" team="B" timeout="2750" username="b8" />
<account actionclassmap="Graph" auxtimeout="750" defaultactionclass="massim.competition2013.GraphSimulationAgentAction" maxpacketlength="65536" password="1" team="B" timeout="2750" username="b9" />
<account actionclassmap="Graph" auxtimeout="750" defaultactionclass="massim.competition2013.GraphSimulationAgentAction" maxpacketlength="65536" password="1" team="B" timeout="2750" username="b10" />
<account actionclassmap="Graph" auxtimeout="750" defaultactionclass="massim.competition2013.GraphSimulationAgentAction" maxpacketlength="65536" password="1" team="B" timeout="2750" username="b11" />
<account actionclassmap="Graph" auxtimeout="750" defaultactionclass="massim.competition2013.GraphSimulationAgentAction" maxpacketlength="65536" password="1" team="B" timeout="2750" username="b12" />
<account actionclassmap="Graph" auxtimeout="750" defaultactionclass="massim.competition2013.GraphSimulationAgentAction" maxpacketlength="65536" password="1" team="B" timeout="2750" username="b13" />
<account actionclassmap="Graph" auxtimeout="750" defaultactionclass="massim.competition2013.GraphSimulationAgentAction" maxpacketlength="65536" password="1" team="B" timeout="2750" username="b14" />
<account actionclassmap="Graph" auxtimeout="750" defaultactionclass="massim.competition2013.GraphSimulationAgentAction" maxpacketlength="65536" password="1" team="B" timeout="2750" username="b15" />
<account actionclassmap="Graph" auxtimeout="750" defaultactionclass="massim.competition2013.GraphSimulationAgentAction" maxpacketlength="65536" password="1" team="B" timeout="2750" username="b16" />
<account actionclassmap="Graph" auxtimeout="750" defaultactionclass="massim.competition2013.GraphSimulationAgentAction" maxpacketlength="65536" password="1" team="B" timeout="2750" username="b17" />
<account actionclassmap="Graph" auxtimeout="750" defaultactionclass="massim.competition2013.GraphSimulationAgentAction" maxpacketlength="65536" password="1" team="B" timeout="2750" username="b18" />
<account actionclassmap="Graph" auxtimeout="750" defaultactionclass="massim.competition2013.GraphSimulationAgentAction" maxpacketlength="65536" password="1" team="B" timeout="2750" username="b19" />
<account actionclassmap="Graph" auxtimeout="750" defaultactionclass="massim.competition2013.GraphSimulationAgentAction" maxpacketlength="65536" password="1" team="B" timeout="2750" username="b20" />
<account actionclassmap="Graph" auxtimeout="750" defaultactionclass="massim.competition2013.GraphSimulationAgentAction" maxpacketlength="65536" password="1" team="B" timeout="2750" username="b21" />
<account actionclassmap="Graph" auxtimeout="750" defaultactionclass="massim.competition2013.GraphSimulationAgentAction" maxpacketlength="65536" password="1" team="B" timeout="2750" username="b22" />
<account actionclassmap="Graph" auxtimeout="750" defaultactionclass="massim.competition2013.GraphSimulationAgentAction" maxpacketlength="65536" password="1" team="B" timeout="2750" username="b23" />
<account actionclassmap="Graph" auxtimeout="750" defaultactionclass="massim.competition2013.GraphSimulationAgentAction" maxpacketlength="65536" password="1" team="B" timeout="2750" username="b24" />
<account actionclassmap="Graph" auxtimeout="750" defaultactionclass="massim.competition2013.GraphSimulationAgentAction" maxpacketlength="65536" password="1" team="B" timeout="2750" username="b25" />
<account actionclassmap="Graph" auxtimeout="750" defaultactionclass="massim.competition2013.GraphSimulationAgentAction" maxpacketlength="65536" password="1" team="B" timeout="2750" username="b26" />
<account actionclassmap="Graph" auxtimeout="750" defaultactionclass="massim.competition2013.GraphSimulationAgentAction" maxpacketlength="65536" password="1" team="B" timeout="2750" username="b27" />
<account actionclassmap="Graph" auxtimeout="750" defaultactionclass="massim.competition2013.GraphSimulationAgentAction" maxpacketlength="65536" password="1" team="B" timeout="2750" username="b28" />