<account actionclassmap="Graph" auxtimeout="750" defaultactionclass="massim.competition2013.GraphSimulationAgentAction" maxpacketlength="65536" password="1" team="A" timeout="2750" username="a1" />
<account actionclassmap="Graph" auxtimeout="750" defaultactionclass="massim.competition2013.GraphSimulationAgentAction" maxpacketlength="65536" password="1" team="A" timeout="2750" username="a2" />
<account actionclassmap="Graph" auxtimeout="750" defaultactionclass="massim.competition2013.GraphSimulationAgentAction" maxpacketlength="65536" password="1" team="A" timeout="2750" username="a3" />
<account actionclassmap="Graph" auxtimeout="750" defaultactionclass="massim.competition2013.GraphSimulationAgentAction" maxpacketlength="65536" password="1" team="A" timeout="2750" username="a4" />
<account actionclassmap="Graph" auxtimeout="750" defaultactionclass="massim.competition2013.GraphSimulationAgentAction" maxpacketlength="65536" password="1" team="A" timeout="2750" username="a5" />
<account actionclassmap="Graph" auxtimeout="750" defaultactionclass="massim.competition2013.GraphSimulationAgentAction" maxpacketlength="65536" password="1" team="A" timeout="2750" username="a6" />
<account actionclassmap="Graph" auxtimeout="750" defaultactionclass="massim.competition2013.GraphSimulationAgentAction" maxpacketlength="65536" password="1" team="A" timeout="2750" username="a7" />
<account actionclassmap="Graph" auxtimeout="750" defaultactionclass="massim.competition2013.GraphSimulationAgentAction" maxpacketlength="65536" password="1" team="A" timeout="2750" username="a8" />
<account actionclassmap="Graph" auxtimeout="750" defaultactionclass="massim.competition2013.GraphSimulationAgentAction" maxpacketlength="65536" password="1" team="A" timeout="2750" username="a9" />
<account actionclassmap="Graph" auxtimeout="750" defaultactionclass="massim.competition2013.GraphSimulationAgentAction" maxpacketlength="65536" password="1" team="A" timeout="2750" username="a10" />

<account actionclassmap="Graph" auxtimeout="750" defaultactionclass="massim.competition2013.GraphSimulationAgentAction" maxpacketlength="65536" password="1" team="B" timeout="2750" username="b1" />
<account actionclassmap="Graph" auxtimeout="750" defaultactionclass="massim.competition2013.GraphSimulationAgentAction" maxpacketlength="65536" password="1" team="B" timeout="2750" username="b2" />
<account actionclassmap="Graph" auxtimeout="750" defaultactionclass="massim.competition2013.GraphSimulationAgentAction" maxpacketlength="65536" password="1" team="B" timeout="2750" username="b3" />
<account actionclassmap="Graph" auxtimeout="750" defaultactionclass="massim.competition2013.GraphSimulationAgentAction" maxpacketlength="65536" password="1" team="B" timeout="2750" username="b4" />
<account actionclassmap="Graph" auxtimeout="750" defaultactionclass="massim.competition2013.GraphSimulationAgentAction" maxpacketlength="65536" password="1" team="B" timeout="2750" username="b5" />
<account actionclassmap="Graph" auxtimeout="750" defaultactionclass="massim.competition2013.GraphSimulationAgentAction" maxpacketlength="65536" password="1" team="B" timeout="2750" username="b6" />
<account actionclassmap="Graph" auxtimeout="750" defaultactionclass="massim.competition2013.GraphSimulationAgentAction" maxpacketlength="65536" password="1" team="B" timeout="2750" username="b7" />
<account actionclassmap="Graph" auxtimeout="750" defaultactionclass="massim.competition2013.GraphSimulationAgentAction" maxpacketlength="65536" password="1" team="B" timeout="2750" username="b8" />
<account actionclassmap="Graph" auxtimeout="750" defaultactionclass="massim.competition2013.GraphSimulationAgentAction" maxpacketlength="65536" password="1" team="B" timeout="2750" username="b9" />
<account actionclassmap="Graph" auxtimeout="750" defaultactionclass="massim.competition2013.GraphSimulationAgentAction" maxpacketlength="65536" password="1" team="B" timeout="2750" username="b10" />


